"UniqueID","Probability1"
6533,8.50150113887015e-10
6534,0.0243957155418599
6535,0.915990251347953
6536,0.722093564864695
6537,0.514339844975706
6538,0.200965568597658
6539,0.957009365416922
6540,0.00348744869476544
6541,0.0191635841476781
6542,0.00677758236746465
6543,0.0225854088084917
6544,0.88735783282908
6545,0.0205203953800527
6546,0.00173489696328002
6547,0.000157893439560407
6548,0.836614403068002
6549,0.295467921591975
6550,0.0377812288918496
6551,0.50449971058137
6552,0.00929438584936285
6553,0.155248938456686
6554,0.0166856161553657
6555,0.412254499242097
6556,0.00592485460296477
6557,2.22044604925031e-16
6558,0.897086322738009
6559,0.0144439081009368
6560,0.823655866097688
6561,6.85781632952378e-10
6562,0.0307674488427552
6563,0.431706742509716
6564,0.00842930524987374
6565,0.00271115341814745
6566,2.57969693751817e-11
6567,0.0151626465527051
6568,0.952003232193869
6569,0.813044073313592
6570,0.12286819159381
6571,0.0209029930658096
6572,0.777747712028378
6573,0.561686509815378
6574,0.440944184245835
6575,7.08317317877437e-09
6576,0.725998774504689
6577,0.0036743829997906
6578,0.00740590623181368
6579,4.64401172570349e-10
6580,0.0693591821138867
6581,0.643349025457164
6582,0.00231369506376749
6583,0.000782404291350371
6584,0.842075439637445
6585,0.0024347669645968
6586,0.321150226482554
6587,0.069419775177957
6588,0.00103485256266173
6589,2.22044604925031e-16
6590,2.25591287011903e-09
6591,0.960748914323375
6592,0.0237355445215187
6593,0.000237459439882071
6594,1.70857318056853e-09
6595,0.13714333774957
6596,0.0167751680812592
6597,0.0576546623553783
6598,0.00177437650233104
6599,0.0033219223849288
6600,0.806877442342011
6601,0.101743721580073
6602,2.22044604925031e-16
6603,0.00103376761377782
6604,2.85478370389965e-10
6605,0.0478909677521232
6606,0.630475692868873
6607,5.08091353819958e-10
6608,0.996382916096435
6609,0.674346718808681
6610,1.34702125862503e-11
6611,0.0289368596931168
6612,0.738579698490707
6613,0.144147057862771
6614,0.0439842860168864
6615,2.22044604925031e-16
6616,0.801580934958228
6617,0.212086008456775
6618,5.52156500474629e-10
6619,0.0827050276178522
6620,1.03371345050124e-12
6621,8.03069235078535e-10
6622,0.333953339642617
6623,0.00512328358728185
6624,1.53731917105135e-09
6625,0.000406021113755456
6626,2.22044604925031e-16
6627,0.00394656685328368
6628,1.19620419825741e-11
6629,0.000285885338688799
6630,8.65406692060435e-12
6631,0.00295352151258344
6632,0.201486569241257
6633,0.817711687610333
6634,8.55818578254417e-12
6635,0.160568142887225
6636,0.0334912657763477
6637,1.65276518119737e-10
6638,0.0775403845813572
6639,0.342197275548317
6640,0.353857751098103
6641,0.55301626712972
6642,0.327931776339984
6643,0.177607393197022
6644,5.21409143011189e-09
6645,0.00022454875326649
6646,0.691665873211395
6647,0.000912384582594191
6648,0.0275921745490249
6649,0.443262312191123
6650,0.654364328061412
6651,0.0150023201590414
6652,1.97813601127829e-10
6653,0.000419933220226616
6654,2.42023240557092e-08
6655,0.00866809792532577
6656,0.00211235360925398
6657,0.000440953780207135
6658,0.0399710554042087
6659,0.0128285368278626
6660,0.0060930659842609
6661,2.44463015827059e-11
6662,0.001299096332438
6663,3.35806895284097e-09
6664,0.884973773066181
6665,0.0267786228355917
6666,0.00846892321550646
6667,0.765360904393415
6668,8.91771938353379e-05
6669,5.39621689699546e-09
6670,0.985524141781709
6671,0.946077226098873
6672,0.00333701393327806
6673,0.0499196682971047
6674,1.97945674557732e-09
6675,0.0870812050347684
6676,0.0030340331157203
6677,2.57308699037201e-07
6678,0.00948281742072284
6679,0.00466630089845379
6680,0.727269602938297
6681,4.29156835418369e-10
6682,0.0259660393797087
6683,0.111066433838509
6684,0.0200847894707345
6685,0.000766573569836704
6686,0.0707819456935105
6687,2.75639735188623e-08
6688,0.859237859981268
6689,2.52365840493386e-05
6690,0.00027793598753435
6691,0.121138259819845
6692,3.02849666422795e-08
6693,2.22044604925031e-16
6694,0.78275478378049
6695,5.23636778335005e-08
6696,1.37078653807466e-11
6697,3.98841798115573e-08
6698,0.00041175175823433
6699,0.0246865948959529
6700,2.22044604925031e-16
6701,0.955945678720667
6702,0.00647242018640291
6703,0.00194324082824829
6704,1.26058778546585e-07
6705,0.136019392073944
6706,1.19721079826593e-12
6707,0.0360615312664243
6708,0.0355248427320573
6709,0.430639979579092
6710,0.0248899032015368
6711,0.0268887141148351
6712,2.32699561237221e-09
6713,2.44486386805277e-09
6714,0.0132588344390205
6715,0.0277321902448779
6716,1.732500690627e-11
6717,2.22044604925031e-16
6718,6.39916984508476e-09
6719,7.3165662507891e-05
6720,0.777879410874145
6721,1.88127968008153e-11
6722,0.00235381691170993
6723,0.974519888943775
6724,1.88894963471389e-10
6725,0.529060183836382
6726,0.162317883236633
6727,0.00234602378255355
6728,0.90240939205615
6729,0.0165574644856982
6730,5.03924279400073e-11
6731,0.986066247743078
6732,0.0045428854247393
6733,0.00708090091493516
6734,8.55233308945491e-06
6735,0.00258804306131543
6736,9.91076563603228e-09
6737,0.424962329675201
6738,0.0173656216613115
6739,2.55582058271815e-05
6740,0.00066131728174121
6741,0.0760078548428936
6742,0.0116995180537856
6743,2.03863125954604e-09
6744,2.91332024585502e-11
6745,0.000911471912511396
6746,0.00527613602164072
6747,0.00905440191005673
6748,0.225537254286938
6749,0.0891419239661451
6750,0.91693327154718
6751,0.00571643828563536
6752,0.329078413585828
6753,0.999856723072293
6754,0.00453657034864739
6755,0.013867315128181
6756,0.0011733711925035
6757,1.46301248284432e-09
6758,0.456534420320895
6759,9.67205994901486e-05
6760,0.00221551555305357
6761,0.0232387933966295
6762,2.98172722583494e-10
6763,0.00077746027026502
6764,0.866562381352992
6765,2.04330686701776e-09
6766,0.00223546835336209
6767,0.00698760374425077
6768,0.0254459298618361
6769,1.1861866284487e-08
6770,2.06838585066181e-08
6771,0.00221377878259028
6772,0.0710248917194889
6773,3.28719935940488e-05
6774,0.0573173298311395
6775,0.854088005203057
6776,0.0301324072961298
6777,2.22044604925031e-16
6778,3.33762643948042e-05
6779,0.000203330400805794
6780,0.961258451580527
6781,0.250649615127077
6782,0.39727187498149
6783,0.0460801085569899
6784,0.0274835208611683
6785,0.000390053212521696
6786,8.96501579192093e-09
6787,0.499715556017519
6788,0.0153755843113392
6789,0.040279030865534
6790,0.00599817149242186
6791,2.22044604925031e-16
6792,1.31086936081947e-11
6793,1.52380368200228e-07
6794,2.22044604925031e-16
6795,0.0139879490176155
6796,0.0357946115984552
6797,0.315119716405327
6798,0.00404203800805798
6799,4.0758042876576e-09
6800,0.00327362485861663
6801,2.22044604925031e-16
6802,2.6248333487775e-12
6803,3.35922601561019e-11
6804,2.19241847543728e-09
6805,9.85280986570699e-05
6806,1.89964750141143e-11
6807,0.963034032684317
6808,0.878812830323594
6809,3.57831483434581e-09
6810,0.994393392819679
6811,0.123157206644766
6812,1.01473229372103e-08
6813,0.0204817332503137
6814,6.5528158783586e-09
6815,0.00662284445382409
6816,0.190544087883103
6817,0.800827442472774
6818,0.0051619869917351
6819,0.650380786835327
6820,0.00398400856689788
6821,0.0168260154944158
6822,0.00568699826554858
6823,0.0227765899114631
6824,0.241981620953192
6825,0.947468758851988
6826,1.55109729975185e-10
6827,0.0227618434737367
6828,0.000652024818665608
6829,0.00566499556280838
6830,0.000522530014836033
6831,1.23901941601799e-07
6832,0.355355470957478
6833,1.62347914320671e-09
6834,0.0104923167571105
6835,0.930268730591012
6836,0.00686681611198643
6837,0.100445062282658
6838,0.00300737054771645
6839,0.232034552597307
6840,1.73319781250549e-09
6841,0.125029332076335
6842,0.000285928092869237
6843,0.0120123519485762
6844,0.92891515345103
6845,0.296496092187487
6846,0.0513255950162322
6847,0.735534496310337
6848,0.00517355024879213
6849,0.0150849986207016
6850,0.000408298831499201
6851,0.00221632686563934
6852,0.967853706725101
6853,9.78826478686383e-06
6854,2.59147267173036e-09
6855,0.144577654802128
6856,0.000584552490897971
6857,0.131503871568205
6858,0.00286618012006236
6859,0.794503370538239
6860,0.993927298782969
6861,0.00273150022754216
6862,0.0048328741903405
6863,3.23260710786785e-08
6864,0.0460240769459326
6865,0.0226962045409633
6866,0.783429225729796
6867,0.000321288367842211
6868,0.00318678593597432
6869,0.987340003345391
6870,1.24639979990269e-10
6871,1.08748706566275e-09
6872,0.00279450786315286
6873,4.4057971424397e-08
6874,0.0230622589846561
6875,0.000192108389731321
6876,0.0104837733197162
6877,2.22044604925031e-16
6878,0.260169218053604
6879,0.20592653078663
6880,1.43623061492965e-11
6881,3.20783911624643e-09
6882,0.00129141001193627
6883,2.22044604925031e-16
6884,8.36664344125799e-12
6885,0.873563799972073
6886,0.0300865150337463
6887,3.92880605269995e-13
6888,6.60700382682508e-08
6889,0.660114137434205
6890,2.31770147899449e-10
6891,0.00794325450656863
6892,0.000135495390676304
6893,0.092318147273034
6894,5.85541884070017e-11
6895,0.000927558607593072
6896,0.00566206911638695
6897,0.248537903990535
6898,5.94232774590077e-10
6899,2.22044604925031e-16
6900,5.36864765076471e-11
6901,1.3504281563831e-11
6902,0.000522644124935687
6903,0.0284161641698186
6904,0.836867387858409
6905,0.0420909421590158
6906,0.000167355604595393
6907,0.0632739915585123
6908,0.00238792442911632
6909,0.117089636996343
6910,4.49306852001108e-11
6911,8.81202859609607e-11
6912,0.00387376807816262
6913,0.00162319555252267
6914,0.00111828859048361
6915,0.0220477243064739
6916,0.0161848593317366
6917,2.16967798691683e-05
6918,0.0951301789597605
6919,7.44307107775934e-10
6920,0.000293456041401427
6921,0.928530273400557
6922,2.22044604925031e-16
6923,0.00538661509448521
6924,0.0169530404122877
6925,0.998190493698495
6926,0.0754526795261405
6927,0.609750672641999
6928,0.000696362075911904
6929,0.13847181912133
6930,3.43586623078981e-09
6931,0.0240434369900836
6932,0.00022060156399957
6933,0.0107124103160713
6934,0.891624462913119
6935,0.626345201855073
6936,0.0401562975632712
6937,1.37892980137388e-10
6938,0.0300378874243559
6939,0.0503692435787016
6940,0.978258406196471
6941,3.57769173827421e-08
6942,0.101483741197062
6943,0.928428173713128
6944,0.0171287147729408
6945,0.00308848126959466
6946,0.0193000562218363
6947,0.223936987978901
6948,2.22044604925031e-16
6949,2.22044604925031e-16
6950,0.547558723673402
6951,0.110521808463702
6952,0.0796411746508062
6953,0.435297123530723
6954,0.00338764396819043
6955,3.17521632138382e-08
6956,0.927644895217034
6957,0.0811530317654484
6958,1.87126239749484e-09
6959,0.0111933520858865
6960,0.329782049732949
6961,3.49297525520088e-10
6962,0.0615887618420295
6963,0.242533466921093
6964,0.0490410756197728
6965,0.0314265307474185
6966,0.465627112989719
6967,0.811485389959691
6968,0.00546183137157929
6969,1.29190684775902e-10
6970,0.00153307170071841
6971,9.37606139002831e-10
6972,0.826985084358205
6973,3.72673289464568e-08
6974,0.0467060168622024
6975,0.00142144792500114
6976,1.90159137521047e-06
6977,0.0048563982951263
6978,1.32109831187828e-11
6979,0.0533568826477221
6980,2.22044604925031e-16
6981,0.000483168595440351
6982,2.37373702672452e-08
6983,0.00547894913046015
6984,0.182110181528551
6985,2.64306204747888e-10
6986,0.431131239322707
6987,0.0508605863038279
6988,0.0169739318213327
6989,0.00236471354258731
6990,0.990872929705607
6991,0.00205933173482051
6992,2.22044604925031e-16
6993,0.00152929844571755
6994,2.55147227565908e-11
6995,0.000185510175365555
6996,0.0574617788573743
6997,9.56430153240825e-11
6998,2.89482314279963e-11
6999,4.78231713222241e-12
7000,0.00320167950302809
7001,0.00307658022393269
7002,1.36537172092754e-05
7003,0.955376697750507
7004,0.87024065913982
7005,0.961976499585891
7006,1.91159305547467e-09
7007,2.22044604925031e-16
7008,0.0064351384213582
7009,0.870766152037288
7010,1.4644127187232e-11
7011,0.00970735061316972
7012,0.790499250047739
7013,0.00239153085618366
7014,0.0140382460914608
7015,0.0923605166868995
7016,0.149077443864431
7017,4.24779800346835e-08
7018,0.0154240829436378
7019,0.229659425534155
7020,0.0354772667940011
7021,0.932627745891461
7022,0.969038846901658
7023,0.999350690729206
7024,0.738354653749708
7025,0.00433598985040555
7026,0.996277476610617
7027,1.15758012953668e-09
7028,7.8217461531662e-11
7029,1.38686254096504e-11
7030,0.864139194159461
7031,2.97498173572676e-09
7032,7.04910379657258e-06
7033,0.00219947140728792
7034,0.597400887575169
7035,0.00227212377044574
7036,0.35283572628112
7037,0.874491990322403
7038,3.86528432860268e-13
7039,0.0260569801450932
7040,0.0225140692648455
7041,0.0267963791132661
7042,2.22044604925031e-16
7043,0.0123202965014642
7044,0.954770864394673
7045,0.380785262728207
7046,0.00337641837609646
7047,0.501559099959498
7048,0.927716244473503
7049,0.260865888120744
7050,0.0371072104632616
7051,0.0211835365388599
7052,2.70100773434678e-08
7053,0.00103381079137995
7054,0.0565104228106977
7055,1.1597628864929e-09
7056,0.0996384777095421
7057,0.077621109618531
7058,0.871072468640156
7059,0.0079636873432079
7060,0.0120195798449348
7061,0.96413957769203
7062,4.2789639007671e-12
7063,0.000681641306531726
7064,3.36112176570041e-10
7065,0.00494819163592949
7066,0.000458918154504995
7067,0.00732662113697264
7068,2.22044604925031e-16
7069,0.0801583482653192
7070,5.09972063486445e-08
7071,0.355177020789095
7072,0.670167517104544
7073,2.49287131406842e-07
7074,0.00287994911206408
7075,0.204237532576451
7076,0.000117963701711665
7077,0.019445944256291
7078,0.912188390460252
7079,0.293022296157832
7080,0.00438272712585578
7081,0.828756837806552
7082,0.0920992352379835
7083,1.41548760216377e-08
7084,0.90381525021752
7085,1.39745905073177e-09
7086,1.76362278742856e-08
7087,0.945587702415726
7088,6.16155195164543e-10
7089,0.976812210555208
7090,0.00314729429307812
7091,8.41618241055231e-09
7092,8.18413319191249e-05
7093,0.00202988717515989
7094,3.28011910882739e-10
7095,0.88108978383819
7096,0.146134895377029
7097,0.958955097678663
7098,2.65691973274529e-09
7099,1.33140708129495e-11
7100,0.00789856795500619
7101,2.22044604925031e-16
7102,0.0150523651168815
7103,0.163087997353958
7104,0.165750916964657
7105,0.0264368403445938
7106,0.0352819461746644
7107,1.40521021993835e-12
7108,0.00748003577761181
7109,0.0378618264243034
7110,1.48716119964344e-11
7111,4.14296578408775e-11
7112,0.00488779795395892
7113,0.00112272749439783
7114,2.22044604925031e-16
7115,5.26837769761733e-11
7116,0.204700687372743
7117,0.0112247718456741
7118,0.0103403896308256
7119,1.88127968008153e-11
7120,0.968116222530865
7121,0.634777479437373
7122,0.877000675729832
7123,0.0296864989106949
7124,4.89475926035039e-10
7125,0.00698113304369369
7126,0.000979459763434488
7127,5.96408751525685e-10
7128,0.000128846586455394
7129,0.041273375354602
7130,0.0195587899175506
7131,0.474537567502583
7132,0.383007247875707
7133,0.000210040125077336
7134,0.00402922420768166
7135,0.457844169644188
7136,0.468482401906047
7137,0.140822761759282
7138,0.964821388925372
7139,2.39308006451635e-08
7140,0.00618729169217012
7141,0.733093339272636
7142,0.0068698777142631
7143,0.166946304879832
7144,1.74374689930076e-10
7145,0.981869584321686
7146,0.00898686099877728
7147,2.22044604925031e-16
7148,0.97590429994901
7149,0.459841589617493
7150,0.977705956820078
7151,0.606030391283243
7152,0.0332596631368674
7153,0.123042215814421
7154,0.00929909676817452
7155,2.46684221813813e-08
7156,0.0458567508896354
7157,0.00536245424444361
7158,0.089691661985098
7159,2.22044604925031e-16
7160,0.0818602337651633
7161,0.0371902255399736
7162,1.09020656709445e-07
7163,0.018442873810913
7164,0.0390272832127958
7165,0.000324882009942754
7166,0.0843776057778543
7167,1.29986145826574e-11
7168,0.0162461458734705
7169,9.31634283662612e-11
7170,0.023824555008429
7171,0.00214902952721852
7172,0.00397912607995348
7173,0.0201775642313866
7174,0.00713538411031499
7175,0.0403494419701022
7176,0.82690897425631
7177,2.02177899952802e-09
7178,0.771691444840965
7179,1.34023351475426e-07
7180,0.517665106220568
7181,0.96081858295297
7182,0.0593703439700699
7183,1.4418233097435e-11
7184,2.22044604925031e-16
7185,0.809864558032122
7186,0.000244963910947818
7187,0.131162372785336
7188,0.0886844392887596
7189,6.58558147159099e-12
7190,0.0200904045217307
7191,0.035960437760779
7192,0.00407746001581883
7193,2.22044604925031e-16
7194,0.000144865486619728
7195,0.0419877602208617
7196,0.00132479194064138
7197,4.25224464670996e-11
7198,0.000753746244052407
7199,9.77288383516514e-10
7200,2.22044604925031e-16
7201,0.341167906507074
7202,0.000635053003855694
7203,1.43131361760549e-12
7204,1.77129744791942e-11
7205,0.0092179229986263
7206,0.0869669919634832
7207,0.00243407136639989
7208,0.75336777767206
7209,0.130304573636087
7210,0.0286677506867263
7211,0.0192908187769137
7212,0.0722396528694072
7213,5.5626003021365e-12
7214,0.250748856993522
7215,1.18319724065775e-11
7216,2.86987876605063e-10
7217,0.0270766222282505
7218,0.931595748060281
7219,0.00649529823169421
7220,0.00113053650911095
7221,0.000935606807316201
7222,0.226893171558256
7223,0.00631473499943299
7224,0.00390650946780808
7225,0.543380665260966
7226,0.0170575833659988
7227,0.0537003558069044
7228,0.149294988093668
7229,0.780984683449601
7230,0.213544333596405
7231,1.64244243201096e-10
7232,0.664995325360243
7233,8.65774996532015e-08
7234,0.590163387325352
7235,0.0745112503284172
7236,0.0388186519960599
7237,1.19699138294352e-10
7238,0.944031745547668
7239,3.50486154032757e-11
7240,2.1777198495922e-10
7241,3.12998772016704e-10
7242,0.740175919459373
7243,2.29154509292061e-08
7244,2.20721935908383e-10
7245,0.188114572673922
7246,0.000932152983711239
7247,0.068844682024631
7248,0.885815480957087
7249,0.000455249980358575
7250,0.156057771228163
7251,1.25251546784161e-08
7252,0.0126714510046481
7253,2.22044604925031e-16
7254,0.00385217586252332
7255,0.468386176036623
7256,0.327402817063152
7257,0.00259201897745743
7258,0.996215838937757
7259,0.645549316546779
7260,0.00160600572306181
7261,0.0503845476322068
7262,0.0436279591823159
7263,0.0125080769751167
7264,0.0352496300518205
7265,0.160152643964901
7266,1.47354150333118e-08
7267,0.00215115955409623
7268,0.188431420323964
7269,0.0482139275474975
7270,0.0181920142238519
7271,0.534925624212338
7272,0.0148823983983647
7273,1.15840040079344e-09
7274,0.248026312963755
7275,0.0420366408118995
7276,0.185824598780219
7277,9.54531106433228e-10
7278,0.00173122736989337
7279,1.43150047246719e-08
7280,0.02952832174241
7281,0.000170077763502602
7282,0.214163147695172
7283,1.38148303372031e-11
7284,7.28201769595928e-05
7285,0.017356429857901
7286,0.0183880963327719
7287,2.22044604925031e-16
7288,0.55942184697875
7289,1.481026609453e-09
7290,0.377878616503821
7291,2.22044604925031e-16
7292,0.00120894572268659
7293,6.18815386652316e-05
7294,0.233579143527668
7295,0.00192141610947919
7296,2.92755364587129e-10
7297,0.0312004826747532
7298,0.00125319053749758
7299,0.0432349085577637
7300,1.16555931150127e-10
7301,1.263407200101e-10
7302,0.00134230385470546
7303,6.09241363642453e-10
7304,0.438505863410075
7305,9.01821563452e-10
7306,1.80254816394821e-11
7307,0.998372790895753
7308,0.491724642539619
7309,0.0177543250560627
7310,0.0179588009519473
7311,0.246220414361025
7312,0.0130022194967017
7313,0.190352415760644
7314,0.996917797265061
7315,0.0179588009519473
7316,0.88367176459552
7317,0.0409323111696386
7318,0.154045424712806
7319,0.00800862875997924
7320,0.00143035713204281
7321,0.999992149118753
7322,0.999994673074024
7323,0.0631255091246961
7324,6.53516664477852e-12
7325,2.27740417043045e-12
7326,0.088518028288271
7327,0.201362228224024
7328,4.14234580816115e-09
7329,0.188690603418608
7330,0.00316492033396832
7331,0.00276853325767679
7332,0.000752761740624827
7333,0.0302265230696989
7334,0.0328083517715539
7335,0.9999951941671
7336,0.000443000195165613
7337,0.624382916896123
7338,0.000277979033854184
7339,0.0133780824357763
7340,0.0119342963847997
7341,8.50534151441225e-10
7342,0.000220634031764132
7343,0.00479600826992727
7344,0.627618611591301
7345,0.0060997291868998
7346,0.349795349979866
7347,1.52389428029624e-08
7348,0.0011083611690518
7349,0.624881262580588
7350,4.63872823632767e-10
7351,0.00019781965945219
7352,0.0985118130176748
7353,1.08981324782797e-09
7354,0.000400982991544826
7355,0.521004269157048
7356,0.00361730557537572
7357,0.655282076465053
7358,1.17922938481433e-07
7359,0.049120076981206
7360,0.00767117533591904
7361,2.13376789696344e-13
7362,0.00307760031718246
7363,0.122923336015346
7364,0.0373153037364637
7365,0.0137580759724981
7366,0.13242592277215
7367,0.256408426918924
7368,0.0408144761971074
7369,0.053636781205612
7370,0.246161982553415
7371,0.00460690856336075
7372,0.000563896966477658
7373,2.51190102956278e-09
7374,2.1307050212995e-08
7375,0.0989151080637948
7376,0.134749449863585
7377,0.114849820096817
7378,0.299488075763044
7379,0.0648617794573205
7380,1.35033923206648e-10
7381,1.19857433934357e-07
7382,0.60631356269795
7383,2.22044604925031e-16
7384,1.72973046360082e-08
7385,1.33919141364788e-11
7386,1.50564538284855e-08
7387,0.298048847575686
7388,1.5931831356115e-11
7389,0.0429396016213965
7390,5.05319962107425e-09
7391,2.22044604925031e-16
7392,0.0568218035663846
7393,0.757885137485386
7394,0.00112066727338279
7395,0.0357196714519564
7396,0.566528856089929
7397,0.103593014832776
7398,0.00790098566903419
7399,0.024296017832822
7400,0.00245430496925104
7401,0.173002187718499
7402,0.0204576259025202
7403,1.81515576806789e-11
7404,4.04835930923299e-11
7405,0.00377147529579472
7406,5.31735560318933e-11
7407,1.76290057960581e-09
7408,0.00186426567913725
7409,1.8130871149478e-11
7410,0.00427100246775344
7411,0.835536594736108
7412,0.213924892343447
7413,0.0749690717387647
7414,0.00996308527695852
7415,0.691166135757298
7416,0.541076899464894
7417,2.14635354655094e-10
7418,0.0332688642706767
7419,0.00363235245256973
7420,0.00106414702434847
7421,0.0020588018537827
7422,0.00296287951497711
7423,0.0407905403240189
7424,0.000435031380166384
7425,0.0884312860860254
7426,0.0512028436328764
7427,0.38509943743208
7428,0.0471228380124735
7429,0.148452153165351
7430,0.969099428670561
7431,4.26100624187388e-09
7432,1.1379666407958e-08
7433,0.381491539860479
7434,0.000182197144801468
7435,0.115873258012475
7436,0.999996980498051
7437,0.952222978820251
7438,0.691941499740347
7439,1.0872313549268e-09
7440,0.03823052105344
7441,0.090196138972827
7442,0.0275220476581188
7443,3.33703695418316e-09
7444,0.999992760843817
7445,0.110762194145512
7446,0.0330634193025778
7447,0.216800249839284
7448,0.00754334268606541
7449,0.0182137954561112
7450,6.44798805786293e-12
7451,0.0201607343835318
7452,4.7145077175341e-08
7453,0.001965223951059
7454,0.00209124056061817
7455,0.00633903140181307
7456,0.999998733188169
7457,0.999455601505815
7458,0.0998842407232242
7459,0.838751998517459
7460,0.0201615619172209
7461,0.000281278802020096
7462,0.0726082061251006
7463,0.999999819188061
7464,0.00392369191590458
7465,0.0048453247905923
7466,0.999997603981975
7467,0.00894431100460866
7468,0.0885217404287714
7469,2.85224299045917e-09
7470,0.73485067171549
7471,0.888479038494012
7472,0.117482308735058
7473,0.00817902930520678
7474,0.947261134904626
7475,3.04150633727878e-07
7476,0.720293161514164
7477,1.33919141364788e-11
7478,0.0157237773435781
7479,2.22044604925031e-16
7480,0.053422561627088
7481,0.024607506887535
7482,0.000751186370011885
7483,0.536032606190071
7484,9.67544523019809e-11
7485,0.000591832727445792
7486,4.04107461128671e-09
7487,0.0452129212697864
7488,9.33340656428752e-06
7489,1.89725330177709e-09
7490,0.00167250062495122
7491,2.42970540863518e-11
7492,2.84479374081659e-09
7493,1.94069042948503e-11
7494,0.015643652925843
7495,0.978539875599506
7496,0.878021560912125
7497,0.00402657334910064
7498,0.643692755136005
7499,0.613948966290484
7500,0.945261390297904
7501,1.54820901583e-08
7502,0.861484338694247
7503,0.805637941640635
7504,1.15445607536051e-10
7505,0.000143034611474372
7506,0.0456105697620773
7507,0.382525414970242
7508,3.91955217906312e-10
7509,0.148424870244161
7510,0.076740972970065
7511,0.808753718084116
7512,1.35528545453423e-10
7513,0.997439396646831
7514,2.22044604925031e-16
7515,5.95047950182173e-10
7516,0.00791824009798505
7517,1.15798345551744e-05
7518,1.1567016225619e-10
7519,0.947078356283452
7520,0.638581180519872
7521,0.0162486203698284
7522,0.0031401601412573
7523,0.468363295961117
7524,0.0252027443292315
7525,0.0032406606161204
7526,0.00539055000849189
7527,0.844612269231578
7528,0.0295729443437153
7529,0.0793028157339513
7530,0.0443760115033356
7531,0.755009819998787
7532,0.602115030334698
7533,0.882079635538256
7534,0.951675963073585
7535,0.855632865912649
7536,0.99956787276239
7537,2.49752379685404e-05
7538,0.882647296362542
7539,0.069022608080456
7540,1.19649383550146e-08
7541,0.945230341718475
7542,0.496766531150204
7543,0.000890772157738365
7544,0.90074567952144
7545,7.59034500320317e-05
7546,0.0022131061059317
7547,0.0496431296541997
7548,8.97069229651255e-12
7549,1.38803981830973e-10
7550,0.00572016111939954
7551,1.97494997387685e-10
7552,0.0198670708210917
7553,2.48642574777699e-10
7554,0.0502395772391298
7555,0.798858357565906
7556,0.0215340267308241
7557,0.137067667369631
7558,0.910311162609568
7559,0.00354151300412272
7560,0.000777859939120968
7561,0.00669047229312152
7562,0.0413832671994877
7563,0.0107193294569984
7564,0.0519195797226314
7565,1.8357378268535e-11
7566,0.329953889402041
7567,0.0756909074976624
7568,0.000255611528642911
7569,0.705579570220085
7570,8.85636631132527e-05
7571,0.452813240358299
7572,0.384246390403821
7573,0.97874211941705
7574,0.138504753912104
7575,2.40211420239579e-08
7576,6.28860045514983e-09
7577,0.00153863429869473
7578,0.860553683216156
7579,0.00870596133572094
7580,6.02557149510285e-11
7581,8.62879672779825e-08
7582,0.00329546299187104
7583,0.0430811399481401
7584,0.771160414804832
7585,0.580260537117111
7586,0.527315083345811
7587,1.86129433774019e-08
7588,3.71499779443168e-09
7589,1.3417962919066e-11
7590,1.26153401189332e-09
7591,7.56503085997303e-10
7592,2.22044604925031e-16
7593,1.33402673759384e-10
7594,0.00294218399805993
7595,1.09350326851663e-11
7596,0.774016829840132
7597,0.148438660851398
7598,0.00903843110010021
7599,1.82672012793651e-12
7600,0.0310591299914218
7601,0.00396775557639009
7602,0.168178471732569
7603,1.7716139206422e-12
7604,0.000649139429505878
7605,3.33804645624882e-10
7606,8.29451706347636e-06
7607,2.76515703362503e-11
7608,0.0831935353215378
7609,0.00688841731986803
7610,2.72805520380075e-09
7611,0.229601740911098
7612,0.00184388393694092
7613,1.94824749531235e-11
7614,0.699751190649735
7615,0.0185114279897848
7616,0.0062778911200955
7617,0.272046666644692
7618,0.00216747583723075
7619,0.994217641185849
7620,8.0603397158612e-10
7621,0.942572206590882
7622,0.00386098576346419
7623,0.286702721549192
7624,0.00609723334288288
7625,0.112870173633533
7626,0.0214190039593558
7627,1.53631266332071e-07
7628,0.198848409903843
7629,0.00149054566059318
7630,0.000885185446944025
7631,0.913397143975043
7632,9.82385499929569e-05
7633,0.000874645202519543
7634,0.10450411982579
7635,0.888127798049558
7636,0.711079941228213
7637,0.0969111112352455
7638,0.0161013885856161
7639,0.774509941954123
7640,1.06528030906116e-09
7641,2.22044604925031e-16
7642,6.65125575358702e-10
7643,0.000754303788349755
7644,3.49399596247049e-10
7645,0.00910624302746907
7646,0.896271240785679
7647,0.00482370055657555
7648,0.0819474621152369
7649,0.674317055274131
7650,0.831311306205869
7651,8.87985572005326e-09
7652,0.0222647067900943
7653,0.00863807298270927
7654,1.21435300194736e-10
7655,0.0455275299419611
7656,0.00811618684267502
7657,0.0887826655853672
7658,0.012219712413866
7659,2.22044604925031e-16
7660,0.107606523452928
7661,0.0827867409754422
7662,0.0011278082548355
7663,0.127475845333776
7664,0.0177313850813195
7665,2.22044604925031e-16
7666,0.0248192832600378
7667,0.0248085577921741
7668,0.117609912042578
7669,0.176631797127848
7670,2.22044604925031e-16
7671,0.144399316228277
7672,0.347404903339203
7673,0.779470075427777
7674,0.00917362384918028
7675,1.12886802661648e-08
7676,0.766425392448424
7677,0.430948510014418
7678,1.31086936081947e-11
7679,0.012959773134723
7680,0.0229966699919623
7681,2.22044604925031e-16
7682,4.33962576649252e-07
7683,0.0038800679388786
7684,0.794974444253935
7685,0.00489801021078468
7686,2.97278848569868e-11
7687,0.000105604620579477
7688,0.440830076079486
7689,0.141051583683279
7690,0.0154480441040353
7691,0.0133107260729831
7692,0.0137864850314983
7693,1.87465385452416e-10
7694,0.0940095391615797
7695,0.00261474642855924
7696,3.31302210793987e-11
7697,2.88848424160825e-08
7698,0.247981522965788
7699,0.047496403681554
7700,0.0258889214295656
7701,0.382020252866148
7702,0.00120914850963771
7703,1.96726915502577e-11
7704,0.0366645041412505
7705,0.868761833896012
7706,0.0126839346671786
7707,0.942965373210739
7708,2.80813354920292e-08
7709,0.168299790325571
7710,0.275904758875388
7711,0.0737928037844572
7712,0.00105209058396438
7713,0.00427733357366752
7714,0.161836469725442
7715,0.0130476532709492
7716,0.00698113304369369
7717,4.0453963838002e-05
7718,3.70784018686522e-05
7719,0.363689910438468
7720,0.0711070501271701
7721,0.0518213563806597
7722,0.00827855680612786
7723,0.00179912203236033
7724,0.025098100485833
7725,0.743234576487531
7726,0.0257646142549013
7727,8.12788370263968e-09
7728,0.037798923641689
7729,0.00137888460047841
7730,0.00778147125544409
7731,0.472867561755139
7732,8.11874475199785e-08
7733,0.412467737289703
7734,0.378907992487526
7735,0.0227776774809248
7736,0.113120626245808
7737,0.00737859801929799
7738,0.469752574324702
7739,0.260328714872486
7740,0.0685629368554949
7741,0.0100058179372526
7742,0.991828816599593
7743,0.833768076394527
7744,0.026818182662911
7745,0.0157557562970448
7746,0.609796148737323
7747,4.2532143577727e-10
7748,0.264472125190876
7749,0.0278200188591142
7750,0.266441133523654
7751,0.00173604083798736
7752,0.063493424340035
7753,0.07985768916514
7754,1.84391429788254e-10
7755,0.0057628751016478
7756,0.531148645404056
7757,0.0539523965936769
7758,0.0795911274618495
7759,0.861445706674908
7760,0.0148653175445146
7761,0.0148164380029797
7762,0.024476181902149
7763,0.185279160729419
7764,0.00230694886086351
7765,0.190902110297696
7766,0.708634085555565
7767,0.0539814890165317
7768,0.626894449607791
7769,0.0550861921343017
7770,0.0774569873676842
7771,0.753914503483488
7772,1.40404383978846e-10
7773,0.00199681406808034
7774,0.166530048632522
7775,2.71968701654132e-09
7776,0.0705391590835401
7777,0.889855346896027
7778,0.695117036632155
7779,0.0112122768777961
7780,0.000233479401117576
7781,0.0387678649397057
7782,0.0402552943508363
7783,0.0401549568209664
7784,0.36857215556582
7785,2.22044604925031e-16
7786,0.0215410560768722
7787,1.40642874854154e-10
7788,0.0140223781692256
7789,0.777795374862979
7790,0.0145345713906081
7791,0.557260493166793
7792,4.85601157779057e-11
7793,0.000177940330795295
7794,4.12818943624408e-08
7795,0.00250262859158452
7796,0.884323986685674
7797,0.000283119060985142
7798,0.908322132913765
7799,0.0105566781810376
7800,0.00562362324145033
7801,0.0563384955307279
7802,0.0103607275649198
7803,0.849594255239565
7804,0.0962772359782344
7805,1.30832452214417e-11
7806,1.36864597504262e-07
7807,0.00196834874963237
7808,2.22044604925031e-16
7809,2.22044604925031e-16
7810,1.30492934392983e-12
7811,0.688860048177878
7812,0.00220740001106938
7813,0.334651360570804
7814,0.796515406360947
7815,0.0159779261905892
7816,0.00307410243268502
7817,0.445797110442496
7818,0.000126212182433853
7819,2.85302697882894e-11
7820,0.00599558440413157
7821,1.93497811372963e-12
7822,1.27282160343141e-10
7823,1.59588937327962e-09
7824,0.0282644278534549
7825,2.25800375649238e-10
7826,1.97877117957216e-11
7827,0.967656567423906
7828,0.000178459192824898
7829,0.924610977444859
7830,0.00659423924871105
7831,0.0298353731984665
7832,0.103712680982431
7833,0.000522650953385211
7834,2.22044604925031e-16
7835,0.780234301583794
7836,0.00350501604980265
7837,0.0116052383550421
7838,0.0040803208332895
7839,0.00096410781030777
7840,0.0251533172111503
7841,0.000877497421782673
7842,0.00790903601022016
7843,0.240195247555496
7844,0.0505203009857707
7845,0.0310479075459902
7846,0.0770860021749417
7847,0.214390041993299
7848,0.0187591818167584
7849,0.00197022657010478
7850,0.094329251532991
7851,0.00265704370463538
7852,7.58200150036623e-10
7853,0.810183070418691
7854,0.0812974855018065
7855,0.863531431708381
7856,0.68997053991574
7857,0.0156420826594209
7858,0.0911926433503866
7859,5.48018120834457e-10
7860,0.00194697310348594
7861,1.91481706624664e-09
7862,0.0108267838577245
7863,0.0172946305263852
7864,0.835734354352317
7865,0.545279826222609
7866,0.0843727928674115
7867,0.305622022783422
7868,0.580346819881129
7869,0.932903068760432
7870,0.580505531258902
7871,0.0013444077159723
7872,0.00443750457593838
7873,0.440228740749938
7874,9.94807578468051e-07
7875,0.282600626277147
7876,2.22044604925031e-16
7877,7.79182797961169e-11
7878,6.16904314546325e-08
7879,2.22044604925031e-16
7880,0.000347867246935539
7881,0.810528137604171
7882,0.0812663291840138
7883,0.180434708266764
7884,0.0227627719577788
7885,1.74438219511446e-13
7886,9.8140818783724e-09
7887,0.0849895727649921
7888,0.0370842204969573
7889,0.936629217017839
7890,0.00786355775163259
7891,0.794686346395148
7892,2.22044604925031e-16
7893,1.02100466256738e-10
7894,1.40040313444055e-11
7895,2.04030644924657e-08
7896,0.17063731680612
7897,0.96001199597986
7898,0.0159845016908925
7899,2.22044604925031e-16
7900,0.0029251745041731
7901,2.95682656403658e-10
7902,0.0106163500971768
7903,0.00579848169160417
7904,0.0448021310389334
7905,0.147699887318871
7906,0.164564856805848
7907,0.00814164272405185
7908,0.0219362299691239
7909,2.22044604925031e-16
7910,0.157270317805549
7911,0.344836100392505
7912,0.00348224596953902
7913,0.000175216862019041
7914,2.2060168895871e-10
7915,7.53827718792572e-11
7916,6.73063191079082e-10
7917,0.0436421735899504
7918,0.000495399527898582
7919,0.0796327695505469
7920,4.93334254738149e-12
7921,0.0809846250089481
7922,0.011654807736677
7923,0.9849935568521
7924,0.290289767214541
7925,0.00115322642950497
7926,5.59363697454333e-10
7927,0.356936237217923
7928,0.0382842620698154
7929,0.00387376807816262
7930,0.70089751691729
7931,0.698245753409144
7932,0.8957328540825
7933,0.0210395955666867
7934,0.10794232707659
7935,0.0017600067316458
7936,2.22044604925031e-16
7937,1.20793695451006e-09
7938,0.996821334367849
7939,0.841144886925177
7940,3.76475206535195e-10
7941,0.0254374435825325
7942,0.0168611223542959
7943,0.0613768688031851
7944,0.00848904078955825
7945,0.284858376352422
7946,0.00611402030635082
7947,0.00417586923045777
7948,0.404781334399072
7949,8.0488306623992e-09
7950,0.112123672762812
7951,0.00441113092346929
7952,0.345907609962115
7953,0.010952591849055
7954,0.117819837547953
7955,0.0122740201443773
7956,0.0131754284095241
7957,0.152433470224716
7958,2.22044604925031e-16
7959,0.897526922364124
7960,0.76120902678058
7961,0.0140835632876981
7962,2.79761972195852e-09
7963,0.0148831305677741
7964,1.72857490984671e-08
7965,0.00947006302861025
7966,0.0215649216701374
7967,0.0388070256988656
7968,0.471664175838442
7969,0.0340361510256433
7970,0.000746260504388931
7971,0.370476968514032
7972,4.80916304436273e-09
7973,0.081650150643537
7974,1.2294793267083e-08
7975,1.07334732442711e-13
7976,0.00926442251296554
7977,2.36747649802362e-11
7978,0.781386228971149
7979,1.17334879597846e-07
7980,0.0108602202217506
7981,0.0186853663243024
7982,7.51857198870834e-09
7983,0.830070961734734
7984,0.329782049732949
7985,0.0025887441363239
7986,0.819673732950627
7987,0.0366012122510886
7988,0.000196658130914986
7989,0.624774908266622
7990,1.19387017467989e-10
7991,0.000422076590796857
7992,0.118984016560559
7993,0.540870171533898
7994,1.40312707639624e-11
7995,3.04363953029622e-09
7996,0.0476631364532203
7997,0.00455658374675928
7998,2.22044604925031e-16
7999,3.31927771181653e-09
8000,5.94178342056058e-12
8001,0.0550075946033303
8002,0.0596991577208503
8003,0.00361404835116479
8004,0.000987596908870014
8005,0.063758125633241
8006,0.000747708339857445
8007,2.88444963189275e-12
8008,8.56420469662737e-10
8009,7.01987903547896e-11
8010,0.00919623164784814
8011,0.00423302605445721
8012,1.92940975732479e-11
8013,0.516988677122565
8014,0.804940419298232
8015,0.0189746792124159
8016,0.970033343841862
8017,0.950765876047843
8018,0.909220047301803
8019,0.831763991947329
8020,4.60713168195971e-09
8021,0.908352292980219
8022,1.43065961364444e-11
8023,0.000106546878393566
8024,0.0597985696104828
8025,0.272309000023847
8026,0.969708619174945
8027,0.00490656937314489
8028,0.637137409910535
8029,0.00705452092540742
8030,0.0217161990676832
8031,1.33410671372615e-13
8032,0.00113438919597248
8033,0.00208075251164312
8034,0.0263192187400768
8035,1.43065961364444e-11
8036,0.816818483451808
8037,0.35895913718399
8038,5.82816924695248e-10
8039,0.875054845314572
8040,1.69852055718799e-10
8041,0.558979004312593
8042,0.391625769501141
8043,0.572576155399418
8044,0.925784778440506
8045,0.0483050745100996
8046,0.00103933773559594
8047,0.0251533172111503
8048,0.0680697804616058
8049,0.000190356666426746
8050,0.0217365800222947
8051,0.0272071068650871
8052,1.00276612354052e-09
8053,0.993117440072491
8054,0.00508380553800656
8055,0.53513753929891
8056,2.22044604925031e-16
8057,0.524333332681037
8058,0.383416241351796
8059,0.000119164230225893
8060,2.22044604925031e-16
8061,5.71386267632189e-10
8062,0.0757684714660196
8063,0.959331669595488
8064,0.00136626856751903
8065,1.17394922480207e-09
8066,0.855632439001436
8067,0.000817043026481459
8068,0.0486494834972453
8069,0.000113151084458199
8070,0.908236662063393
8071,0.017464196872314
8072,0.00625515640678918
8073,0.000519295474951866
8074,0.998894342019329
8075,0.00692823092832417
8076,0.00467628375449678
8077,0.00820029202704485
8078,0.00139484198025049
8079,0.9852378511142
8080,0.00348885376950847
8081,0.000275163951268613
8082,1.38686254096504e-11
8083,0.0257712524264456
8084,0.0975582412214678
8085,2.22044604925031e-16
8086,2.04702253201018e-09
8087,0.999114209935583
8088,0.0055026216861025
8089,2.22044604925031e-16
8090,0.0114094362918629
8091,0.11348529445149
8092,1.17060874782279e-12
8093,0.235544516986569
8094,2.22044604925031e-16
8095,0.00562850704619448
8096,0.00217547864217685
8097,0.575569215724305
8098,1.81090698764075e-11
8099,0.000625529720084027
8100,3.43922822762887e-11
8101,1.02459770711447e-09
8102,0.158159326274524
8103,2.22347089726577e-11
8104,0.942038552900269
8105,0.831491896202264
8106,0.00780252611089877
8107,0.992218743470426
8108,0.00103033734950821
8109,0.00387376807816262
8110,7.00793876894786e-10
8111,0.713720826344299
8112,0.818088892123485
8113,6.2292540384574e-09
8114,0.106968622648959
8115,0.027728233735973
8116,0.280465140188297
8117,0.0138836593733888
8118,0.00193229030925062
8119,0.00811603957078646
8120,2.22044604925031e-16
8121,0.248554353989509
8122,0.979512426949876
8123,1.29884500533935e-05
8124,0.0108962747073305
8125,0.990985154605008
8126,0.0533541193143999
8127,2.88373754274085e-08
8128,0.0447354546149667
8129,0.0693145370239411
8130,0.00289182339797008
8131,0.000680318911574223
8132,0.833738938849336
8133,0.0595711250692654
8134,0.152944583306425
8135,0.00659016215381686
8136,0.932174802774579
8137,2.34603968031713e-09
8138,0.02670863874649
8139,0.756147295802447
8140,8.1259336696674e-10
8141,1.36546938810865e-11
8142,0.341474358159517
8143,0.772447405721037
8144,1.20974540588955e-09
8145,0.025408616920442
8146,2.22044604925031e-16
8147,0.702697351379839
8148,0.00613336234257852
8149,0.174210213541184
8150,4.00562559900425e-11
8151,3.6933728275161e-11
8152,0.237999508463521
8153,9.34516232118418e-05
8154,1.68241164298781e-11
8155,2.74803478746016e-10
8156,0.0151303337430473
8157,2.54283886003723e-09
8158,0.00422432433176008
8159,0.00150638878961028
8160,1.8130871149478e-11
8161,8.94947221215735e-10
8162,0.841303280913458
8163,3.48831624396764e-10
8164,0.0379915173677777
8165,0.00941334122263454
8166,0.0118334117277537
8167,0.00470583573683945
8168,0.892241456242514
8169,0.00178043945453706
8170,8.41632483193642e-05
8171,0.0210741167422402
8172,0.0824793367508442
8173,6.79052094217941e-10
8174,0.000532176241949694
8175,0.163096463057613
8176,0.678846428633936
8177,0.0725090353207943
8178,0.0622119496009398
8179,1.60822294115048e-09
8180,0.00339007346068453
8181,5.81284949126596e-10
8182,0.00279674879786818
8183,0.211600139116665
8184,0.176736448141334
8185,1.45590051114166e-11
8186,0.251040123428537
8187,0.743037252613992
8188,2.22044604925031e-16
8189,4.58011112018347e-10
8190,0.690403538822784
8191,0.9170899479304
8192,2.76537900725073e-10
8193,0.00506252934820535
8194,0.000307355407055836
8195,0.802853467809655
8196,0.749345721906519
8197,0.721752496555681
8198,0.988138184207303
8199,2.74909628716642e-08
8200,0.000614426608897085
8201,0.635065403544764
8202,2.22044604925031e-16
8203,0.0463349858945456
8204,2.22044604925031e-16
8205,2.22044604925031e-16
8206,0.00172101263453811
8207,0.0338488247285312
8208,0.0945633783167108
8209,5.49058152078331e-11
8210,2.22044604925031e-16
8211,0.000726564896908867
8212,0.270554082423108
8213,3.12719469279432e-10
8214,0.985679422143758
8215,0.998429436778517
8216,0.10989163244217
8217,0.728189088766683
8218,2.76319998998848e-10
8219,8.58937433903925e-10
8220,0.836016314137853
8221,0.964273773795498
8222,0.756829538828242
8223,0.000224809277662753
8224,0.147350492660108
8225,0.0915169422273617
8226,0.0462408765580631
8227,1.4327163564966e-10
8228,2.22044604925031e-16
8229,0.123635375824234
8230,0.948546723496459
8231,0.00353929490589695
8232,0.000314902569119628
8233,2.21895579588907e-05
8234,0.213142950782134
8235,0.639792391849585
8236,0.00218917614067156
8237,0.306032514744692
8238,0.261267792991856
8239,2.22044604925031e-16
8240,2.22044604925031e-16
8241,2.22044604925031e-16
8242,0.501832951303276
8243,0.141563966044122
8244,0.0217091856134808
8245,0.0144723660234598
8246,0.000991533019126058
8247,0.00114431874946766
8248,0.14920895235575
8249,0.991864263831661
8250,0.990442112257769
8251,0.873150494485804
8252,0.9953298647306
8253,0.818593823381471
8254,0.0286820989727847
8255,3.84242180823046e-08
8256,0.952983204183235
8257,1.67314392605259e-07
8258,0.769630753984786
8259,0.000720861732888743
8260,0.00344036673470828
8261,0.0424759984110183
8262,0.00255322507669333
8263,0.0206908790814082
8264,0.969343816472004
8265,0.00722294902720201
8266,2.18821403831324e-10
8267,0.787707449665818
8268,0.92131228935521
8269,2.22044604925031e-16
8270,0.00718892789098678
8271,0.47204829393833
8272,0.000262575033225567
8273,0.00188461134247295
8274,0.0032350322177463
8275,0.879612826446821
8276,0.210233909402642
8277,2.80373805475102e-10
8278,0.000984377637132582
8279,0.147847897127544
8280,0.0510789059252476
8281,0.00551175308284012
8282,0.000756999225018782
8283,0.777695689268688
8284,0.287303238017298
8285,0.0504494759664161
8286,0.0499283289799391
8287,0.00504675492521243
8288,0.00241340318491499
8289,0.307077382874797
8290,0.97828753100886
8291,0.966052928210674
8292,0.047334367244316
8293,0.12855457444858
8294,2.06555252922286e-10
8295,8.20814593464569e-10
8296,2.69173332135952e-09
8297,0.00489486765343512
8298,0.998056063001642
8299,0.908102094814604
8300,0.610358729508213
8301,0.00139501856027766
8302,0.142260098854547
8303,2.22044604925031e-16
8304,0.00432555970227444
8305,1.82483484590226e-09
8306,0.19070473765184
8307,2.22044604925031e-16
8308,0.000125196614785522
8309,0.273711399694392
8310,0.204550190625842
8311,0.0699663597403599
8312,0.965624532238897
8313,0.00510932843712621
8314,0.000114523447628175
8315,0.821272912915994
8316,0.000417470309475393
8317,2.20300560022157e-10
8318,0.00205481323911411
8319,2.93907008394079e-10
8320,0.911318595113453
8321,0.995489881113049
8322,0.00491743769681684
8323,4.51888214335359e-10
8324,0.190052137527884
8325,0.665472745302203
8326,0.0604894207671979
8327,1.1051990466306e-08
8328,0.166247878044273
8329,0.00618929950270963
8330,0.129399130959737
8331,0.807112350713538
8332,3.35316741560667e-10
8333,0.0186511998677405
8334,0.00226084485961387
8335,0.986191418916082
8336,0.691885487365986
8337,0.0328918629114218
8338,0.171339464387717
8339,0.0133840610922634
8340,2.22044604925031e-16
8341,0.0503419866635609
8342,0.996349782617181
8343,2.47832259007952e-10
8344,0.0135468375488571
8345,7.83074766088924e-07
8346,5.32704518920194e-11
8347,7.34324509655882e-05
8348,0.00520813277549138
8349,2.22044604925031e-16
8350,2.22044604925031e-16
8351,0.141404507414509
8352,0.000773780675958036
8353,0.58379028876604
8354,0.00175698506919588
8355,0.108843672660419
8356,0.16426279576365
8357,0.00229657260933772
8358,0.937369096515016
8359,0.815677648296155
8360,0.022052006441566
8361,8.65134799134659e-09
8362,4.20304460146463e-05
8363,0.0132805735243924
8364,4.81103270566623e-11
8365,0.0213783114050933
8366,0.829828630590881
8367,0.0334654274846927
8368,0.257052745236032
8369,0.915529925687482
8370,0.453902987643135
8371,0.0046981332734239
8372,0.0026021099230517
8373,3.46238279522729e-05
8374,0.00267855240516991
8375,0.94628978098376
8376,2.30500588632351e-09
8377,0.00144375374405508
8378,0.0048386925976624
8379,0.00603659560540549
8380,0.632730047605592
8381,0.0028800442845029
8382,0.751955134893042
8383,0.993021142397832
8384,0.171966088963094
8385,0.00499023634871938
8386,0.510866350237126
8387,0.0717116774076814
8388,0.000697995151753309
8389,0.00157828966516016
8390,5.43065227613224e-09
8391,0.857044408550143
8392,0.303873931004936
8393,0.0511095148106293
8394,2.22044604925031e-16
8395,0.0820624583434787
8396,0.000173555425189244
8397,0.0761190484412545
8398,0.00175985662582519
8399,0.0341189540451992
8400,0.0110967781405227
8401,0.0147920162568249
8402,0.893882883706983
